{
  "ShowInstruction": false,
  "ShellDebugFolderPath": "C:\\Vships\\Framework\\Source\\VShips.Framework.Shell\\bin\\Debug",
  "EntitiesConfig": [
    {
      "Namespace": "VShips.Framework.Common.Model.Crew",
      "ViewModelNamespace": "VShips.Framework.Crew.ViewModel.EntityWrapper",
      "ViewModelSaveFolderPath": "C:\\Vships\\Framework\\Source\\VShips.Framework.Crew\\ViewModel\\EntityWrapper\\Generated"
    }//,
    //{
    //  "Namespace": "VShips.Framework.Common.Model.Crew",
    //  "ViewModelNamespace": "VShips.Framework.Common.Module.ViewModelBase",
    //  "ViewModelSaveFolderPath": "C:\\Vships\\Framework\\Source\\VShips.Framework.Common.Module\\ViewModelBase\\Crew\\Generated"
    //},
    //{
    //  "Namespace": "VShips.Framework.Common.Model.Crew",
    //  "ViewModelNamespace": "VShips.Framework.CrewMaintenance.ViewModel.EntityWrapper",
    //  "ViewModelSaveFolderPath": "C:\\Vships\\Framework\\Source\\VShips.Framework.CrewMaintenance\\ViewModel\\EntityWrapper\\Generated"
    //}
  ]
}